{
    "Additional_Expenses": [
        75000,
        75000,
        50000,
        50000,
        25000,
        25000,
        0,
        0,
        0,
        0,
        0,
        0,
        0
    ],
    "BaseExpense": [
        10159200,
        10159200,
        10159200,
        10159200,
        10159200,
        10159200,
        10159200,
        10159200,
        10159200,
        10159200,
        10159200,
        10159200,
        10159200
    ],
    "Dewatered_Cake_TS_Percent": [
        18,
        18.5,
        19,
        19.5,
        20,
        20.5,
        21,
        21.5,
        22,
        22.5,
        23,
        23.5,
        24
    ],
    "MechanicExpense": [
        100000,
        100000,
        100000,
        100000,
        0,
        0,
        0,
        0,
        0,
        0,
        0,
        0,
        0
    ],
    "OperatorExpense": [
        300000,
        300000,
        200000,
        200000,
        100000,
        100000,
        0,
        0,
        0,
        0,
        0,
        0,
        0
    ],
    "TotalLaborExpense": [
        10559200,
        10559200,
        10459200,
        10459200,
        10259200,
        10259200,
        10159200,
        10159200,
        10159200,
        10159200,
        10159200,
        10159200,
        10159200
    ],
    "Total_RRR_Variable_Expenses": [
        18014075,
        17814618.91891892,
        17500660.52631579,
        17321392.307692308,
        16926087.5,
        16764090.24390244,
        16484807.142857144,
        16337700,
        16197279.545454547,
        16063100,
        15934754.347826086,
        15811870.212765958,
        15694106.25
    ],
    "Total_RRnR_OnM_Variable_Expenses": [
        7379874.999999999,
        7180418.918918919,
        6991460.52631579,
        6812192.307692308,
        6641887.5,
        6479890.243902439,
        6325607.142857144,
        6178500,
        6038079.545454546,
        5903900,
        5775554.347826087,
        5652670.212765957,
        5534906.25
    ],
    "WetTons": [
        161111.1111111111,
        156756.75675675675,
        152631.57894736843,
        148717.94871794872,
        145000,
        141463.41463414635,
        138095.2380952381,
        134883.72093023255,
        131818.18181818182,
        128888.88888888889,
        126086.95652173912,
        123404.25531914893,
        120833.33333333333
    ]
}
