{
    "Additional_Expenses": [
        75000,
        75000,
        50000,
        50000,
        25000,
        25000,
        0,
        0,
        0,
        0,
        0,
        0,
        0
    ],
    "BaseExpense": [
        10159200,
        10159200,
        10159200,
        10159200,
        10159200,
        10159200,
        10159200,
        10159200,
        10159200,
        10159200,
        10159200,
        10159200,
        10159200
    ],
    "Dewatered_Cake_TS_Percent": [
        18,
        18.5,
        19,
        19.5,
        20,
        20.5,
        21,
        21.5,
        22,
        22.5,
        23,
        23.5,
        24
    ],
    "DryPolymerCost": [
        1769900.0364015256,
        1891915.362173066,
        2022342.3153907545,
        2161760.7861286094,
        2310790.641563779,
        2470094.481962292,
        2640380.5866599795,
        2822406.063136708,
        3016980.2131849583,
        3224968.131139067,
        3447294.5501631615,
        3684947.9536987664,
        3938984.970351903
    ],
    "DryPolymerUse": [
        730670.4202960851,
        781042.185667262,
        834886.5354980376,
        892442.8666556891,
        953967.079813441,
        1019732.7172080919,
        1090032.178833627,
        1165178.0224781397,
        1245504.3533841274,
        1331368.3097107317,
        1423151.650402412,
        1521262.4525238725,
        1626136.9256077304
    ],
    "EmulsionPolymerCost": [
        3544560.610005814,
        3678302.037826871,
        3817089.724263208,
        3961114.071992789,
        4110572.6678635846,
        4265670.553962758,
        4426620.5089136725,
        4593643.339786671,
        4766968.185024052,
        4946832.828794842,
        5133484.027210665,
        5327177.846850168,
        5528180.01605649
    ],
    "EmulsionPolymerUse": [
        895091.0631327813,
        928864.1509663815,
        963911.5465311131,
        1000281.3313113103,
        1038023.4009756527,
        1077189.5338289794,
        1117833.461846887,
        1160010.9443905735,
        1203779.8447030433,
        1249200.2092916267,
        1296334.3503057235,
        1345246.9310227698,
        1396005.0545597197
    ],
    "MechanicExpense": [
        100000,
        100000,
        100000,
        100000,
        0,
        0,
        0,
        0,
        0,
        0,
        0,
        0,
        0
    ],
    "OperatorExpense": [
        300000,
        300000,
        200000,
        200000,
        100000,
        100000,
        0,
        0,
        0,
        0,
        0,
        0,
        0
    ],
    "TotalDryPolymerCost": [
        19783975.036401525,
        19706534.281091984,
        19523002.841706544,
        19483153.09382092,
        19236878.14156378,
        19234184.72586473,
        19125187.729517125,
        19160106.063136708,
        19214259.758639507,
        19288068.131139066,
        19382048.897989247,
        19496818.166464724,
        19633091.220351905
    ],
    "TotalEmulsionPolymerCost": [
        21558635.610005815,
        21492920.95674579,
        21317750.250579,
        21282506.379685096,
        21036660.167863585,
        21029760.797865197,
        20911427.651770815,
        20931343.33978667,
        20964247.7304786,
        21009932.82879484,
        21068238.37503675,
        21139048.059616126,
        21222286.26605649
    ],
    "TotalLaborExpense": [
        10559200,
        10559200,
        10459200,
        10459200,
        10259200,
        10259200,
        10159200,
        10159200,
        10159200,
        10159200,
        10159200,
        10159200,
        10159200
    ],
    "Total_RRR_Variable_Expenses": [
        18014075,
        17814618.91891892,
        17500660.52631579,
        17321392.307692308,
        16926087.5,
        16764090.24390244,
        16484807.142857144,
        16337700,
        16197279.545454547,
        16063100,
        15934754.347826086,
        15811870.212765958,
        15694106.25
    ],
    "Total_RRnR_OnM_Variable_Expenses": [
        7379874.999999999,
        7180418.918918919,
        6991460.52631579,
        6812192.307692308,
        6641887.5,
        6479890.243902439,
        6325607.142857144,
        6178500,
        6038079.545454546,
        5903900,
        5775554.347826087,
        5652670.212765957,
        5534906.25
    ],
    "WetTons": [
        161111.1111111111,
        156756.75675675675,
        152631.57894736843,
        148717.94871794872,
        145000,
        141463.41463414635,
        138095.2380952381,
        134883.72093023255,
        131818.18181818182,
        128888.88888888889,
        126086.95652173912,
        123404.25531914893,
        120833.33333333333
    ]
}
