{
    "Total_RRnR_OnM_Variable_Expenses": [
        7379874.999999999,
        7180418.918918919,
        6991460.52631579,
        6812192.307692308,
        6641887.5,
        6479890.243902439,
        6325607.142857144,
        6178500,
        6038079.545454546,
        5903900,
        5775554.347826087,
        5652670.212765957,
        5534906.25
    ],
    "WetTons": [
        161111.1111111111,
        156756.75675675675,
        152631.57894736843,
        148717.94871794872,
        145000,
        141463.41463414635,
        138095.2380952381,
        134883.72093023255,
        131818.18181818182,
        128888.88888888889,
        126086.95652173912,
        123404.25531914893,
        120833.33333333333
    ]
}
